NAME,YOB,DEPARTURE,DESTINATION,PAID
Muhammad Black,1981,Krakow,Zagreb,808
Isla Black,1990,Krakow,Zagreb,808
Isla Black,2014,Krakow,Zagreb,808
Henry Webb,1986,Prague,Rijeka,606
Florence Webb,1984,Prague,Rijeka,606
Archie Webb,2016,Prague,Rijeka,606
Oscar Allen,1981,Hamburg,Rome,714
Jack Allen,1982,Hamburg,Rome,714
Isabella Allen,2015,Hamburg,Rome,714
Evelyn Allen,2018,Hamburg,Rome,714
Arthur Matthews,1981,Vienna,Warsaw,1144
Rosie Chapman,1984,Vienna,Warsaw,1144
Ava Stevens,1978,Vienna,Warsaw,1144
Evie Harris,1982,Berlin,Napoli,918
Grace Harris,1984,Berlin,Napoli,918
Poppy Harris,2018,Berlin,Napoli,918
Willow Harris,1992,Hamburg,Rome,832
Isla Harris,1988,Hamburg,Rome,832
Lucas Harris,2016,Hamburg,Rome,832
Noah Harris,2014,Hamburg,Rome,832
Willow Black,1984,Hamburg,Innsbruck,306
Willow Black,1990,Hamburg,Innsbruck,306
Ella Black,2018,Hamburg,Innsbruck,306
Florence Lewis,1977,Prague,Rijeka,1020
Lily Robinson,1977,Prague,Rijeka,1020
Florence Walker,1973,Prague,Rijeka,1020
Noah Wilson,1986,Berlin,Napoli,816
Poppy Wilson,1980,Berlin,Napoli,816
Ivy Wilson,2016,Berlin,Napoli,816
Lily Allen,1982,Prague,Rijeka,1020
Rosie Robinson,1986,Prague,Rijeka,1020
Charlie Walker,1993,Prague,Rijeka,1020
Finley Adams,1991,Prague,Rijeka,1020
Theo Adams,1976,Krakow,Zagreb,707
Theo Adams,1978,Krakow,Zagreb,707
Ella Adams,2018,Krakow,Zagreb,707
Roman Robinson,1976,Vienna,Warsaw,936
Arlo Robinson,1993,Vienna,Warsaw,936
Isla Robinson,2014,Vienna,Warsaw,936
Willow Robinson,2013,Vienna,Warsaw,936
Jacob Robinson,1981,Hamburg,Rome,816
Charlie Robinson,1985,Hamburg,Rome,816
Thomas Robinson,2017,Hamburg,Rome,816
Amelia Holmes,1987,Innsbruck,Warsaw,1236
Arlo Adams,1988,Innsbruck,Warsaw,1236
Grace Matthews,1990,Innsbruck,Warsaw,1236
Grace Walker,1984,Innsbruck,Warsaw,1236
Noah Payne,1990,Innsbruck,Warsaw,1236
Lily Burton,1991,Innsbruck,Warsaw,1236
Noah Allen,1977,Vienna,Warsaw,1144
Alfie Payne,1988,Vienna,Warsaw,1144
Charlie Allen,1982,Vienna,Warsaw,1144
Charlie Wilson,1988,Vienna,Warsaw,1144
Alfie Adams,1985,Hamburg,Innsbruck,1236
Sofia Webb,1987,Hamburg,Innsbruck,1236
Sophia Owen,1983,Hamburg,Innsbruck,1236
Willow Matthews,1982,Innsbruck,Warsaw,1212
Jack Black,1973,Innsbruck,Warsaw,1212
Harry Matthews,1973,Innsbruck,Warsaw,1212
Alfie Owen,1978,Innsbruck,Warsaw,1212
Lucas Chapman,1990,Berlin,Napoli,1144
Theodore Chapman,1984,Berlin,Napoli,1144
Lucas Walker,1987,Berlin,Napoli,1144
Emily Stevens,1991,Berlin,Napoli,927
Poppy Stevens,1975,Berlin,Napoli,927
Isla Stevens,2015,Berlin,Napoli,927
Finley Stevens,2015,Berlin,Napoli,927
Amelia Webb,1982,Vienna,Warsaw,1133
Rosie Stevens,1989,Vienna,Warsaw,1133
Sienna Robinson,1989,Vienna,Warsaw,1133
Emily Wilson,1985,Vienna,Warsaw,1133
Emily Holmes,1990,Innsbruck,Warsaw,515
Daisy Holmes,1974,Innsbruck,Warsaw,515
Alfie Holmes,2017,Innsbruck,Warsaw,515
Henry Holmes,2015,Innsbruck,Warsaw,515
Daisy White,1983,Brno,Rijeka,707
Ivy White,1981,Brno,Rijeka,707
Muhammad White,2017,Brno,Rijeka,707
Noah White,2013,Brno,Rijeka,707
Henry Jones,1989,Innsbruck,Warsaw,1224
Arlo Owen,1975,Innsbruck,Warsaw,1224
Jacob Baker,1980,Innsbruck,Warsaw,1224
Ivy Payne,1973,Innsbruck,Warsaw,1224
Elsie Allen,1989,Innsbruck,Warsaw,1224
Harry Matthews,1984,Innsbruck,Warsaw,909
Roman Matthews,1984,Innsbruck,Warsaw,909
Tommy Matthews,2014,Innsbruck,Warsaw,909
Tommy Foster,1977,Brno,Rijeka,721
Finley Foster,1976,Brno,Rijeka,721
Freddie Foster,2013,Brno,Rijeka,721
Leo Foster,2017,Brno,Rijeka,721
Tommy Robinson,1981,Hamburg,Rome,824
Muhammad Robinson,1977,Hamburg,Rome,824
Ella Robinson,2016,Hamburg,Rome,824
Rosie Robinson,2017,Hamburg,Rome,824
Noah Baker,1980,Vienna,Warsaw,936
Freddie Baker,1977,Vienna,Warsaw,936
Rosie Baker,2016,Vienna,Warsaw,936
Willow Baker,2015,Vienna,Warsaw,936
Tommy Wilson,1991,Berlin,Napoli,1133
Isla Payne,1991,Berlin,Napoli,1133
Muhammad Black,1987,Berlin,Napoli,1133
William Harris,1980,Berlin,Napoli,1133
Freya Burton,1990,Innsbruck,Warsaw,1212
Mia Robinson,1973,Innsbruck,Warsaw,1212
Mia Allen,1988,Innsbruck,Warsaw,1212
Henry Black,1974,Brno,Rijeka,1236
Noah Black,1977,Brno,Rijeka,1236
Daisy Webb,1978,Brno,Rijeka,1236
Leo Holmes,1980,Hamburg,Rome,714
George Holmes,1989,Hamburg,Rome,714
Phoebe Holmes,2013,Hamburg,Rome,714
Arthur Walker,1990,Innsbruck,Warsaw,1224
Harry Chapman,1989,Innsbruck,Warsaw,1224
Isaac Stevens,1978,Innsbruck,Warsaw,1224
Noah Webb,1987,Prague,Rijeka,1040
Archie Black,1993,Prague,Rijeka,1040
Poppy Burton,1988,Prague,Rijeka,1040
Archie Davidson,1981,Hamburg,Innsbruck,1248
Grace Holmes,1988,Hamburg,Innsbruck,1248
Grace Baker,1987,Hamburg,Innsbruck,1248
Charlotte Robinson,1974,Berlin,Napoli,816
Isabella Robinson,1973,Berlin,Napoli,816
Jacob Robinson,2016,Berlin,Napoli,816
George Robinson,2013,Berlin,Napoli,816
Evelyn Holmes,1979,Berlin,Napoli,936
Archie Holmes,1975,Berlin,Napoli,936
Ivy Holmes,2015,Berlin,Napoli,936
Jack Black,1976,Prague,Rijeka,1030
Alfie Payne,1981,Prague,Rijeka,1030
Theodore Wilson,1982,Prague,Rijeka,1030
Isabella Baker,1984,Hamburg,Innsbruck,1236
Isla Burton,1992,Hamburg,Innsbruck,1236
Phoebe Owen,1989,Hamburg,Innsbruck,1236
Isaac Davidson,1975,Prague,Rijeka,624
Harry Davidson,1981,Prague,Rijeka,624
Oscar Davidson,2014,Prague,Rijeka,624
Leo Davidson,2015,Prague,Rijeka,624
Charlie Jones,1979,Vienna,Warsaw,1122
Phoebe Adams,1991,Vienna,Warsaw,1122
Harry Holmes,1988,Vienna,Warsaw,1122
Sofia Chapman,1983,Vienna,Warsaw,1122
Lily Stevens,1976,Vienna,Warsaw,1122
Willow Jones,1976,Vienna,Warsaw,1122
Charlotte Robinson,1982,Krakow,Zagreb,808
Mia Robinson,1982,Krakow,Zagreb,808
Daisy Robinson,2016,Krakow,Zagreb,808
Leo Robinson,2016,Krakow,Zagreb,808
Mia Adams,1974,Hamburg,Rome,832
Thomas Adams,1992,Hamburg,Rome,832
Grace Adams,2014,Hamburg,Rome,832
Sienna Jones,1975,Berlin,Napoli,1133
Mia White,1973,Berlin,Napoli,1133
Poppy Walker,1988,Berlin,Napoli,1133
Leo Wilson,1993,Innsbruck,Warsaw,936
Archie Wilson,1984,Innsbruck,Warsaw,936
Theodore Wilson,2017,Innsbruck,Warsaw,936
Isla Wilson,2016,Innsbruck,Warsaw,936
Willow Allen,1981,Hamburg,Innsbruck,1224
Rosie Stevens,1992,Hamburg,Innsbruck,1224
Theo Adams,1982,Hamburg,Innsbruck,1224
Noah Black,1987,Hamburg,Innsbruck,1224
Sophia Robinson,1979,Hamburg,Innsbruck,1224
Emily Owen,1992,Hamburg,Innsbruck,1224
Rosie Stevens,1988,Innsbruck,Warsaw,1224
George Burton,1991,Innsbruck,Warsaw,1224
Muhammad Foster,1981,Innsbruck,Warsaw,1224
Arthur Webb,1990,Innsbruck,Warsaw,1224
Thomas Webb,1988,Innsbruck,Warsaw,1224
Phoebe Black,1975,Innsbruck,Warsaw,927
Ella Black,1984,Innsbruck,Warsaw,927
Oscar Black,2015,Innsbruck,Warsaw,927
Theodore Black,2016,Innsbruck,Warsaw,927
Isaac Chapman,1983,Krakow,Zagreb,816
Alfie Chapman,1990,Krakow,Zagreb,816
Jacob Chapman,2013,Krakow,Zagreb,816
Grace Jones,1988,Brno,Rijeka,624
Elsie Jones,1985,Brno,Rijeka,624
Phoebe Jones,2017,Brno,Rijeka,624
Willow Jones,2016,Brno,Rijeka,624
William Holmes,1981,Berlin,Napoli,1122
Emily Allen,1988,Berlin,Napoli,1122
Ava Burton,1985,Berlin,Napoli,1122
Noah Foster,1983,Berlin,Napoli,1122
Henry Jones,1980,Berlin,Napoli,1122
Leo Foster,1989,Berlin,Napoli,1122
Phoebe Adams,1973,Hamburg,Rome,721
Finley Adams,1988,Hamburg,Rome,721
Poppy Adams,2014,Hamburg,Rome,721
Henry Adams,2016,Hamburg,Rome,721
Grace Jones,1980,Hamburg,Innsbruck,909
Theodore Jones,1990,Hamburg,Innsbruck,909
Archie Jones,2013,Hamburg,Innsbruck,909
Noah Matthews,1984,Brno,Rijeka,721
Archie Matthews,1979,Brno,Rijeka,721
Sophia Matthews,2015,Brno,Rijeka,721
Sofia Matthews,2014,Brno,Rijeka,721
Freddie Webb,1980,Krakow,Zagreb,918
Theo Webb,1985,Krakow,Zagreb,918
Archie Webb,2015,Krakow,Zagreb,918
Theodore Black,1985,Innsbruck,Warsaw,927
Ella Black,1985,Innsbruck,Warsaw,927
Isaac Black,2017,Innsbruck,Warsaw,927
Charlie Black,2015,Innsbruck,Warsaw,927
Poppy Jones,1986,Innsbruck,Warsaw,1212
Phoebe Baker,1979,Innsbruck,Warsaw,1212
Lily Holmes,1979,Innsbruck,Warsaw,1212
Charlotte Jones,1985,Innsbruck,Warsaw,1212
Willow Jones,1989,Innsbruck,Warsaw,1212
Evelyn Wilson,1992,Innsbruck,Warsaw,1212
Emily Webb,1974,Innsbruck,Warsaw,1212
Ella Davidson,1993,Innsbruck,Warsaw,1212
Lily Jones,1974,Hamburg,Rome,816
Freya Jones,1986,Hamburg,Rome,816
Alfie Jones,2016,Hamburg,Rome,816
Sophia Foster,1984,Innsbruck,Warsaw,1236
Henry Matthews,1990,Innsbruck,Warsaw,1236
Isaac Allen,1989,Innsbruck,Warsaw,1236
Freddie Black,1989,Berlin,Napoli,707
Henry Black,1979,Berlin,Napoli,707
Leo Black,2017,Berlin,Napoli,707
Rosie Jones,1987,Prague,Rijeka,612
Muhammad Jones,1977,Prague,Rijeka,612
Charlie Jones,2018,Prague,Rijeka,612
Sienna Jones,2014,Prague,Rijeka,612
Ella Black,1982,Innsbruck,Warsaw,1236
Muhammad Wilson,1980,Innsbruck,Warsaw,1236
Leo Stevens,1979,Innsbruck,Warsaw,1236
Sofia Baker,1986,Innsbruck,Warsaw,1236
Lucas Holmes,1977,Innsbruck,Warsaw,1236
Thomas White,1990,Innsbruck,Warsaw,1236
Sophia Harris,1977,Hamburg,Innsbruck,1248
Charlotte Jones,1984,Hamburg,Innsbruck,1248
Poppy Foster,1981,Hamburg,Innsbruck,1248
Evelyn Walker,1984,Hamburg,Innsbruck,1248
Isaac Jones,1984,Hamburg,Innsbruck,1248
Poppy White,1989,Hamburg,Innsbruck,1248
Florence Baker,1988,Brno,Rijeka,612
Amelia Baker,1978,Brno,Rijeka,612
Roman Baker,2014,Brno,Rijeka,612
Oscar Baker,2015,Brno,Rijeka,612
Isla Payne,1980,Hamburg,Rome,824
Amelia Payne,1990,Hamburg,Rome,824
Henry Payne,2014,Hamburg,Rome,824
Freya Burton,1982,Hamburg,Innsbruck,909
Lily Burton,1973,Hamburg,Innsbruck,909
Alfie Burton,2013,Hamburg,Innsbruck,909
Rosie Jones,1989,Prague,Rijeka,612
Noah Jones,1984,Prague,Rijeka,612
Lily Jones,2013,Prague,Rijeka,612
Tommy Jones,2016,Prague,Rijeka,612
Oscar Stevens,1979,Hamburg,Innsbruck,918
Daisy Stevens,1987,Hamburg,Innsbruck,918
Ella Stevens,2013,Hamburg,Innsbruck,918
Thomas Davidson,1977,Berlin,Napoli,1122
Grace Davidson,1993,Berlin,Napoli,1122
Archie Lewis,1980,Berlin,Napoli,1122
Tommy Baker,1991,Berlin,Napoli,1122
Isla Stevens,1979,Hamburg,Innsbruck,1212
Henry Harris,1993,Hamburg,Innsbruck,1212
Freya Chapman,1987,Hamburg,Innsbruck,1212
Finley Black,1984,Hamburg,Innsbruck,1212
Arlo Foster,1991,Hamburg,Innsbruck,1212
Theodore Lewis,1976,Hamburg,Innsbruck,1212
Ivy Davidson,1986,Hamburg,Innsbruck,918
Lily Davidson,1982,Hamburg,Innsbruck,918
Tommy Davidson,2014,Hamburg,Innsbruck,918
Freddie Stevens,1973,Prague,Rijeka,624
Henry Stevens,1991,Prague,Rijeka,624
Theo Stevens,2016,Prague,Rijeka,624
Harry Allen,1975,Berlin,Napoli,1030
Grace Burton,1977,Berlin,Napoli,1030
Theo Robinson,1973,Berlin,Napoli,1030
Thomas Burton,1974,Berlin,Napoli,1030
Lucas Jones,1981,Berlin,Napoli,1111
Ella Foster,1986,Berlin,Napoli,1111
Isaac Walker,1974,Berlin,Napoli,1111
Amelia Robinson,1990,Berlin,Napoli,1111
Amelia Lewis,1978,Berlin,Napoli,1111
Roman Webb,1992,Brno,Rijeka,1133
Evie Holmes,1977,Brno,Rijeka,1133
Sienna Lewis,1991,Brno,Rijeka,1133
Henry Foster,1988,Brno,Rijeka,1133
Evie Webb,1984,Brno,Rijeka,1133
Harry White,1982,Brno,Rijeka,1133
Tommy Holmes,1979,Vienna,Warsaw,1133
Tommy Payne,1977,Vienna,Warsaw,1133
Elsie Owen,1987,Vienna,Warsaw,1133
Finley Allen,1983,Brno,Rijeka,1236
Ivy Adams,1978,Brno,Rijeka,1236
Evie Robinson,1979,Brno,Rijeka,1236
Isla Holmes,1977,Hamburg,Innsbruck,1212
Finley White,1982,Hamburg,Innsbruck,1212
Amelia Walker,1984,Hamburg,Innsbruck,1212
Theo Chapman,1987,Hamburg,Innsbruck,1212
Phoebe Holmes,1982,Hamburg,Innsbruck,1212
Sienna Wilson,1990,Hamburg,Innsbruck,1212
Elsie Webb,1984,Hamburg,Innsbruck,1212
Theodore Holmes,1975,Hamburg,Innsbruck,1212
Henry Robinson,1987,Hamburg,Innsbruck,1212
Roman Stevens,1979,Vienna,Warsaw,721
Poppy Stevens,1993,Vienna,Warsaw,721
Sienna Stevens,2016,Vienna,Warsaw,721
Charlie Stevens,2015,Vienna,Warsaw,721
Thomas Wilson,1980,Hamburg,Innsbruck,936
Arthur Wilson,1992,Hamburg,Innsbruck,936
Charlotte Wilson,2017,Hamburg,Innsbruck,936
Evie Wilson,2013,Hamburg,Innsbruck,936
Emily Black,1985,Krakow,Zagreb,832
William Black,1973,Krakow,Zagreb,832
Harry Black,2015,Krakow,Zagreb,832
Sofia Adams,1989,Vienna,Warsaw,1133
Emily Harris,1991,Vienna,Warsaw,1133
Sienna Black,1974,Vienna,Warsaw,1133
Isaac Burton,1987,Vienna,Warsaw,1133
Thomas Harris,1973,Vienna,Warsaw,1133
Mia Baker,1993,Vienna,Warsaw,1133
Poppy Stevens,1989,Krakow,Zagreb,808
Charlotte Stevens,1973,Krakow,Zagreb,808
Lily Stevens,2015,Krakow,Zagreb,808
Ella Stevens,2016,Krakow,Zagreb,808
Evelyn Webb,1982,Brno,Rijeka,1144
Evie Burton,1981,Brno,Rijeka,1144
Lucas Davidson,1974,Brno,Rijeka,1144
Lily Payne,1982,Brno,Rijeka,1144
Jacob Davidson,1974,Brno,Rijeka,1144
Ella Holmes,1975,Brno,Rijeka,1144
Rosie Chapman,1985,Hamburg,Innsbruck,1248
Ava Webb,1973,Hamburg,Innsbruck,1248
Grace Wilson,1991,Hamburg,Innsbruck,1248
Ivy Lewis,1990,Innsbruck,Warsaw,1236
Freya Foster,1987,Innsbruck,Warsaw,1236
Muhammad Burton,1975,Innsbruck,Warsaw,1236
Muhammad Foster,1973,Hamburg,Rome,728
Charlotte Foster,1973,Hamburg,Rome,728
Jacob Foster,2013,Hamburg,Rome,728
Sienna Foster,2015,Hamburg,Rome,728
Freya Allen,1985,Berlin,Napoli,1122
Muhammad White,1989,Berlin,Napoli,1122
Henry Walker,1988,Berlin,Napoli,1122
Theodore Wilson,1979,Berlin,Napoli,1122
Willow Foster,1989,Berlin,Napoli,1122
Alfie Robinson,1993,Berlin,Napoli,1122
Noah Baker,1993,Brno,Rijeka,1236
Isabella White,1993,Brno,Rijeka,1236
Isabella Burton,1973,Brno,Rijeka,1236
Sofia Jones,1988,Brno,Rijeka,1236
Oscar Walker,1985,Brno,Rijeka,1236
Isaac Walker,1983,Brno,Rijeka,1236
Freddie Webb,1979,Berlin,Napoli,1020
Jacob Harris,1979,Berlin,Napoli,1020
Isabella Harris,1989,Berlin,Napoli,1020
Lily Foster,1989,Berlin,Napoli,1020
Tommy Wilson,1975,Prague,Rijeka,1030
Muhammad Allen,1976,Prague,Rijeka,1030
Lily Allen,1993,Prague,Rijeka,1030
Ivy Robinson,1979,Prague,Rijeka,1030
Charlie Webb,1977,Brno,Rijeka,1111
Lucas Allen,1982,Brno,Rijeka,1111
Willow Baker,1993,Brno,Rijeka,1111
Noah Matthews,1976,Brno,Rijeka,1111
Tommy White,1989,Brno,Rijeka,1111
Arlo Walker,1981,Brno,Rijeka,1111
Willow Allen,1973,Prague,Rijeka,618
Rosie Allen,1980,Prague,Rijeka,618
Florence Allen,2014,Prague,Rijeka,618
Isabella Walker,1978,Vienna,Warsaw,1133
Theodore Matthews,1975,Vienna,Warsaw,1133
Noah Adams,1991,Vienna,Warsaw,1133
Lucas Foster,1987,Brno,Rijeka,707
Isabella Foster,1989,Brno,Rijeka,707
Florence Foster,2013,Brno,Rijeka,707
Oscar Walker,1984,Brno,Rijeka,1248
Charlie Foster,1974,Brno,Rijeka,1248
Thomas Walker,1983,Brno,Rijeka,1248
Emily Black,1991,Brno,Rijeka,1248
Jacob Allen,1992,Innsbruck,Warsaw,909
Archie Allen,1984,Innsbruck,Warsaw,909
Isabella Allen,2013,Innsbruck,Warsaw,909
Finley Adams,1986,Hamburg,Innsbruck,918
Alfie Adams,1980,Hamburg,Innsbruck,918
Thomas Adams,2013,Hamburg,Innsbruck,918
Isla Adams,2017,Hamburg,Innsbruck,918
Phoebe Matthews,1975,Vienna,Warsaw,927
Isaac Matthews,1983,Vienna,Warsaw,927
Ivy Matthews,2015,Vienna,Warsaw,927
Phoebe Matthews,2016,Vienna,Warsaw,927
Jack Wilson,1973,Innsbruck,Warsaw,1236
Isaac Chapman,1974,Innsbruck,Warsaw,1236
Evie Payne,1988,Innsbruck,Warsaw,1236
Lucas Wilson,1993,Innsbruck,Warsaw,1236
Theodore White,1992,Hamburg,Rome,832
Finley White,1989,Hamburg,Rome,832
Lucas White,2014,Hamburg,Rome,832
Freddie White,2017,Hamburg,Rome,832
Evie Matthews,1988,Brno,Rijeka,1133
Ella Holmes,1974,Brno,Rijeka,1133
Archie White,1982,Brno,Rijeka,1133
Freya Payne,1986,Brno,Rijeka,1133
Jacob Foster,1976,Hamburg,Innsbruck,1212
Amelia Black,1986,Hamburg,Innsbruck,1212
Ivy Walker,1984,Hamburg,Innsbruck,1212
Arlo Lewis,1992,Hamburg,Innsbruck,1212
William Stevens,1993,Brno,Rijeka,721
Arlo Stevens,1975,Brno,Rijeka,721
Leo Stevens,2018,Brno,Rijeka,721
Rosie Stevens,2016,Brno,Rijeka,721
Arthur Walker,1986,Innsbruck,Warsaw,1248
Oscar Jones,1976,Innsbruck,Warsaw,1248
Henry Foster,1976,Innsbruck,Warsaw,1248
Evelyn Wilson,1991,Innsbruck,Warsaw,1248
Poppy Adams,1981,Innsbruck,Warsaw,1248
Tommy Webb,1983,Innsbruck,Warsaw,1248
Lucas Matthews,1990,Krakow,Zagreb,808
Ella Matthews,1981,Krakow,Zagreb,808
Archie Matthews,2017,Krakow,Zagreb,808
Ava Baker,1978,Hamburg,Rome,707
Elsie Baker,1980,Hamburg,Rome,707
Noah Baker,2017,Hamburg,Rome,707
Isla Allen,1993,Hamburg,Innsbruck,1236
Poppy Webb,1988,Hamburg,Innsbruck,1236
Ava Allen,1991,Hamburg,Innsbruck,1236
Noah Harris,1973,Hamburg,Innsbruck,1236
Thomas Lewis,1973,Hamburg,Innsbruck,1248
Poppy Allen,1989,Hamburg,Innsbruck,1248
Florence Chapman,1990,Hamburg,Innsbruck,1248
Alfie Robinson,1993,Hamburg,Innsbruck,1248
Evie Foster,1984,Berlin,Napoli,1030
Freddie Adams,1978,Berlin,Napoli,1030
Thomas Payne,1979,Berlin,Napoli,1030
Isabella Adams,1991,Hamburg,Innsbruck,1224
Evie Harris,1984,Hamburg,Innsbruck,1224
Isabella Webb,1977,Hamburg,Innsbruck,1224
Charlotte White,1977,Prague,Rijeka,618
Amelia White,1988,Prague,Rijeka,618
Elsie White,2013,Prague,Rijeka,618
Lucas White,2013,Prague,Rijeka,618
Evelyn Wilson,1989,Brno,Rijeka,1111
Isla White,1989,Brno,Rijeka,1111
Leo Foster,1983,Brno,Rijeka,1111
Muhammad Black,1989,Brno,Rijeka,1111
Oscar Stevens,1984,Brno,Rijeka,1111
Charlie Harris,1974,Prague,Rijeka,612
Thomas Harris,1985,Prague,Rijeka,612
Willow Harris,2017,Prague,Rijeka,612
Isaac Harris,2016,Prague,Rijeka,612
Isabella Baker,1985,Prague,Rijeka,1030
Freddie Owen,1984,Prague,Rijeka,1030
Alfie Walker,1989,Prague,Rijeka,1030
Rosie Adams,1990,Innsbruck,Warsaw,1224
Emily Webb,1992,Innsbruck,Warsaw,1224
Arlo Harris,1990,Innsbruck,Warsaw,1224
Sienna Holmes,1990,Innsbruck,Warsaw,1224
Freya Owen,1989,Innsbruck,Warsaw,1224
Willow White,1989,Prague,Rijeka,1020
Mia Black,1993,Prague,Rijeka,1020
Evie Lewis,1978,Prague,Rijeka,1020
Ava Holmes,1989,Berlin,Napoli,714
Tommy Holmes,1993,Berlin,Napoli,714
Amelia Holmes,2017,Berlin,Napoli,714
Phoebe Robinson,1980,Berlin,Napoli,936
Archie Robinson,1989,Berlin,Napoli,936
Ella Robinson,2016,Berlin,Napoli,936
Theodore Stevens,1990,Hamburg,Innsbruck,936
Noah Stevens,1974,Hamburg,Innsbruck,936
Sienna Stevens,2016,Hamburg,Innsbruck,936
Leo Stevens,2018,Hamburg,Innsbruck,936
Emily Black,1988,Innsbruck,Warsaw,927
Isla Black,1993,Innsbruck,Warsaw,927
Roman Black,2015,Innsbruck,Warsaw,927
Tommy Black,2018,Innsbruck,Warsaw,927
Phoebe Jones,1989,Brno,Rijeka,728
Evie Jones,1988,Brno,Rijeka,728
Lucas Jones,2017,Brno,Rijeka,728
Charlie Matthews,1981,Innsbruck,Warsaw,1236
Rosie Allen,1981,Innsbruck,Warsaw,1236
George Lewis,1982,Innsbruck,Warsaw,1236
Ella Black,1974,Innsbruck,Warsaw,1236
Tommy Allen,1985,Innsbruck,Warsaw,1236
Emily Payne,1978,Berlin,Napoli,1111
Lucas Robinson,1991,Berlin,Napoli,1111
Freddie White,1988,Berlin,Napoli,1111
Willow Harris,1987,Berlin,Napoli,1111
Arthur Owen,1980,Berlin,Napoli,1111
Leo Owen,1986,Berlin,Napoli,1111
Amelia Chapman,1993,Prague,Rijeka,1040
Mia Baker,1991,Prague,Rijeka,1040
Evie Harris,1992,Prague,Rijeka,1040
Isla Black,1979,Prague,Rijeka,1040
Sofia Harris,1973,Prague,Rijeka,1040
Florence Harris,1974,Prague,Rijeka,1040
Isaac Holmes,1983,Hamburg,Innsbruck,1248
Tommy Owen,1982,Hamburg,Innsbruck,1248
Sienna Black,1987,Hamburg,Innsbruck,1248
Charlie White,1976,Hamburg,Innsbruck,918
Poppy White,1989,Hamburg,Innsbruck,918
Grace White,2016,Hamburg,Innsbruck,918
Evie White,2015,Hamburg,Innsbruck,918
Isabella Baker,1979,Brno,Rijeka,1236
Charlotte Owen,1986,Brno,Rijeka,1236
Roman Black,1986,Brno,Rijeka,1236
Elsie Jones,1979,Brno,Rijeka,1236
Freya Chapman,1980,Brno,Rijeka,1236
Charlie Walker,1988,Innsbruck,Warsaw,1212
Noah Adams,1993,Innsbruck,Warsaw,1212
Oscar Baker,1975,Innsbruck,Warsaw,1212
Florence White,1981,Innsbruck,Warsaw,1212
Muhammad Allen,1986,Berlin,Napoli,1133
Isla Baker,1978,Berlin,Napoli,1133
Theo Adams,1989,Berlin,Napoli,1133
Sophia Harris,1977,Berlin,Napoli,1133
Grace Jones,1981,Berlin,Napoli,1133
Ivy Holmes,1975,Berlin,Napoli,1133
Amelia White,1992,Vienna,Warsaw,936
Ava White,1983,Vienna,Warsaw,936
Tommy White,2013,Vienna,Warsaw,936
Henry Holmes,1987,Innsbruck,Warsaw,1111
Jack White,1973,Innsbruck,Warsaw,1111
William Chapman,1974,Innsbruck,Warsaw,1111
Sienna Burton,1982,Innsbruck,Warsaw,1111
Arlo Walker,1980,Hamburg,Innsbruck,312
Oscar Walker,1976,Hamburg,Innsbruck,312
Harry Walker,2017,Hamburg,Innsbruck,312
Isla Walker,2015,Hamburg,Innsbruck,312
Arthur Jones,1981,Prague,Rijeka,1040
George Harris,1986,Prague,Rijeka,1040
Leo Allen,1988,Prague,Rijeka,1040
Charlotte Wilson,1977,Hamburg,Innsbruck,1224
Rosie Harris,1986,Hamburg,Innsbruck,1224
Roman Wilson,1974,Hamburg,Innsbruck,1224
Mia Holmes,1979,Hamburg,Innsbruck,1224
Phoebe Webb,1973,Innsbruck,Warsaw,936
William Webb,1990,Innsbruck,Warsaw,936
Willow Webb,2018,Innsbruck,Warsaw,936
Archie Webb,2015,Innsbruck,Warsaw,936
Roman Wilson,1986,Hamburg,Innsbruck,909
Freya Wilson,1978,Hamburg,Innsbruck,909
Henry Wilson,2014,Hamburg,Innsbruck,909
Phoebe Robinson,1980,Berlin,Napoli,1122
Willow Webb,1973,Berlin,Napoli,1122
Mia White,1980,Berlin,Napoli,1122
Thomas Payne,1980,Vienna,Warsaw,1144
Noah Holmes,1982,Vienna,Warsaw,1144
Muhammad Payne,1976,Vienna,Warsaw,1144
Tommy Owen,1991,Vienna,Warsaw,1144
Isla Baker,1976,Krakow,Zagreb,808
Phoebe Baker,1980,Krakow,Zagreb,808
Charlie Baker,2016,Krakow,Zagreb,808
Elsie Baker,2015,Krakow,Zagreb,808
Finley Baker,1987,Innsbruck,Warsaw,520
Isaac Baker,1979,Innsbruck,Warsaw,520
Theo Baker,2018,Innsbruck,Warsaw,520
Oscar Baker,1984,Berlin,Napoli,1030
Rosie Robinson,1988,Berlin,Napoli,1030
Phoebe Lewis,1985,Berlin,Napoli,1030
Jacob Matthews,1973,Berlin,Napoli,1030
Willow Baker,1989,Berlin,Napoli,1030
Charlotte Walker,1978,Berlin,Napoli,1030
Evie Wilson,1981,Krakow,Zagreb,714
Ava Wilson,1980,Krakow,Zagreb,714
Sophia Wilson,2015,Krakow,Zagreb,714
Jacob Adams,1973,Hamburg,Innsbruck,918
Freya Adams,1980,Hamburg,Innsbruck,918
Thomas Adams,2017,Hamburg,Innsbruck,918
Arthur Adams,2018,Hamburg,Innsbruck,918
Evie Wilson,1986,Vienna,Warsaw,1111
Lucas Payne,1980,Vienna,Warsaw,1111
Lucas Matthews,1982,Vienna,Warsaw,1111
Ella Baker,1973,Vienna,Warsaw,1111
Freddie Foster,1993,Vienna,Warsaw,1111
Isla Jones,1978,Innsbruck,Warsaw,1212
Elsie Jones,1990,Innsbruck,Warsaw,1212
Jacob Owen,1982,Innsbruck,Warsaw,1212
Charlie Robinson,1991,Innsbruck,Warsaw,1212
Phoebe Stevens,1977,Innsbruck,Warsaw,1212
Isaac Adams,1991,Vienna,Warsaw,728
Theodore Adams,1989,Vienna,Warsaw,728
Arlo Adams,2014,Vienna,Warsaw,728
Poppy Owen,1986,Hamburg,Innsbruck,303
Lily Owen,1981,Hamburg,Innsbruck,303
Roman Owen,2017,Hamburg,Innsbruck,303
Theodore Owen,2014,Hamburg,Innsbruck,303
Archie Jones,1978,Innsbruck,Warsaw,1144
Lucas Holmes,1987,Innsbruck,Warsaw,1144
Evie Black,1990,Innsbruck,Warsaw,1144
Archie Allen,1990,Innsbruck,Warsaw,1144
Daisy Robinson,1990,Innsbruck,Warsaw,909
William Robinson,1974,Innsbruck,Warsaw,909
Florence Robinson,2018,Innsbruck,Warsaw,909
Isaac Robinson,2014,Innsbruck,Warsaw,909
Henry Jones,1973,Krakow,Zagreb,927
Theodore Jones,1978,Krakow,Zagreb,927
Roman Jones,2016,Krakow,Zagreb,927
Archie Robinson,1984,Hamburg,Innsbruck,1248
Lucas Adams,1988,Hamburg,Innsbruck,1248
Henry White,1984,Hamburg,Innsbruck,1248
Rosie Matthews,1976,Hamburg,Innsbruck,1248
Theo Chapman,1981,Hamburg,Innsbruck,1248
Ivy Owen,1992,Brno,Rijeka,1212
Charlotte Allen,1979,Brno,Rijeka,1212
Jack Wilson,1977,Brno,Rijeka,1212
Isabella Davidson,1976,Berlin,Napoli,832
Poppy Davidson,1973,Berlin,Napoli,832
Grace Davidson,2017,Berlin,Napoli,832
Mia Foster,1977,Hamburg,Innsbruck,1236
Sofia Wilson,1987,Hamburg,Innsbruck,1236
Amelia Robinson,1986,Hamburg,Innsbruck,1236
Thomas Wilson,1977,Brno,Rijeka,1133
Evie Wilson,1987,Brno,Rijeka,1133
Ella Webb,1975,Brno,Rijeka,1133
Arlo Chapman,1976,Brno,Rijeka,1133
Poppy Walker,1989,Brno,Rijeka,1133
Charlie Holmes,1975,Prague,Rijeka,1030
Elsie Foster,1980,Prague,Rijeka,1030
Noah Walker,1992,Prague,Rijeka,1030
Daisy Adams,1983,Prague,Rijeka,1030
Ella Chapman,1976,Prague,Rijeka,1030
Finley Matthews,1991,Krakow,Zagreb,728
Amelia Matthews,1985,Krakow,Zagreb,728
Florence Matthews,2015,Krakow,Zagreb,728
Mia Matthews,2013,Krakow,Zagreb,728
Ava Stevens,1982,Brno,Rijeka,714
Emily Stevens,1980,Brno,Rijeka,714
Evelyn Stevens,2016,Brno,Rijeka,714
Henry Stevens,2016,Brno,Rijeka,714
Finley Stevens,1992,Vienna,Warsaw,707
Evie Stevens,1973,Vienna,Warsaw,707
Ava Stevens,2016,Vienna,Warsaw,707
Evie Stevens,2014,Vienna,Warsaw,707
Ivy Davidson,1991,Innsbruck,Warsaw,1133
Alfie Jones,1974,Innsbruck,Warsaw,1133
Henry Owen,1983,Innsbruck,Warsaw,1133
Ivy Robinson,1976,Prague,Rijeka,1010
Arthur Robinson,1977,Prague,Rijeka,1010
Grace Allen,1987,Prague,Rijeka,1010
Roman Holmes,1978,Prague,Rijeka,1010
Florence Davidson,1981,Innsbruck,Warsaw,1248
Isabella Allen,1978,Innsbruck,Warsaw,1248
Isabella Adams,1980,Innsbruck,Warsaw,1248
Freddie Burton,1984,Innsbruck,Warsaw,1248
Emily Webb,1976,Brno,Rijeka,1122
Elsie White,1977,Brno,Rijeka,1122
Harry Allen,1987,Brno,Rijeka,1122
Evelyn Black,1979,Brno,Rijeka,1122
Theodore Allen,1984,Brno,Rijeka,1122
Lucas Black,1976,Brno,Rijeka,1122
Charlotte Wilson,1982,Brno,Rijeka,1224
Charlotte Davidson,1992,Brno,Rijeka,1224
Theodore White,1985,Brno,Rijeka,1224
Harry Davidson,1979,Brno,Rijeka,1224
Poppy Stevens,1976,Brno,Rijeka,1224
Henry Adams,1975,Brno,Rijeka,1224
Harry Lewis,1974,Berlin,Napoli,1111
Thomas Jones,1984,Berlin,Napoli,1111
Noah Burton,1975,Berlin,Napoli,1111
Sienna Walker,1979,Berlin,Napoli,1133
Ava Payne,1973,Berlin,Napoli,1133
Lucas Owen,1978,Berlin,Napoli,1133
Emily Adams,1978,Berlin,Napoli,1133
Charlotte Owen,1988,Berlin,Napoli,1133
Evie Davidson,1977,Hamburg,Innsbruck,1248
Alfie Holmes,1975,Hamburg,Innsbruck,1248
Alfie Harris,1988,Hamburg,Innsbruck,1248
Jack Allen,1991,Hamburg,Innsbruck,1248
Charlotte Harris,1980,Hamburg,Innsbruck,1248
Mia Foster,1993,Innsbruck,Warsaw,1224
Arlo Robinson,1989,Innsbruck,Warsaw,1224
Sophia Baker,1991,Innsbruck,Warsaw,1224
Freya Holmes,1978,Innsbruck,Warsaw,1224
Finley Stevens,1988,Hamburg,Innsbruck,312
Freya Stevens,1992,Hamburg,Innsbruck,312
Freya Stevens,2014,Hamburg,Innsbruck,312
Ava Matthews,1990,Krakow,Zagreb,918
Poppy Matthews,1993,Krakow,Zagreb,918
Isla Matthews,2018,Krakow,Zagreb,918
Finley Matthews,2014,Krakow,Zagreb,918
George White,1992,Berlin,Napoli,909
Finley White,1976,Berlin,Napoli,909
Roman White,2016,Berlin,Napoli,909
Charlie White,2014,Berlin,Napoli,909
Sienna White,1981,Prague,Rijeka,612
Ivy White,1991,Prague,Rijeka,612
Elsie White,2018,Prague,Rijeka,612
Theo White,2015,Prague,Rijeka,612
Elsie Wilson,1985,Krakow,Zagreb,832
Oscar Wilson,1974,Krakow,Zagreb,832
Amelia Wilson,2016,Krakow,Zagreb,832
Daisy Walker,1991,Vienna,Warsaw,1144
Emily Jones,1987,Vienna,Warsaw,1144
Arthur Foster,1975,Vienna,Warsaw,1144
Florence Chapman,1973,Vienna,Warsaw,1144
Florence Stevens,1983,Prague,Rijeka,1020
Oscar Foster,1975,Prague,Rijeka,1020
Isla Webb,1979,Prague,Rijeka,1020
Elsie Wilson,1983,Prague,Rijeka,1020
Thomas Wilson,1976,Berlin,Napoli,1144
William Allen,1985,Berlin,Napoli,1144
Roman Holmes,1991,Berlin,Napoli,1144
Roman Stevens,1987,Berlin,Napoli,1144
Amelia Webb,1988,Berlin,Napoli,1144
Theo Adams,1985,Berlin,Napoli,1144
Ava Robinson,1980,Prague,Rijeka,624
Lucas Robinson,1980,Prague,Rijeka,624
Tommy Robinson,2015,Prague,Rijeka,624
Evie Robinson,2016,Prague,Rijeka,624
Finley Adams,1976,Prague,Rijeka,1040
Isaac Wilson,1990,Prague,Rijeka,1040
Oscar Robinson,1990,Prague,Rijeka,1040
Sophia Matthews,1981,Prague,Rijeka,1040
Charlie Lewis,1985,Prague,Rijeka,1040
Theodore Payne,1990,Prague,Rijeka,1040
Tommy Foster,1978,Prague,Rijeka,1040
Sienna Holmes,1973,Prague,Rijeka,1040
Grace Payne,1988,Prague,Rijeka,1020
Thomas Payne,1984,Prague,Rijeka,1020
Roman Payne,1974,Prague,Rijeka,1020
Lucas Robinson,1984,Prague,Rijeka,1020
Isabella Jones,1977,Prague,Rijeka,1010
Isla Burton,1982,Prague,Rijeka,1010
Elsie Payne,1989,Prague,Rijeka,1010
Willow Webb,1991,Prague,Rijeka,1010
Muhammad Allen,1992,Prague,Rijeka,1010
Finley Black,1978,Prague,Rijeka,1010
Daisy Adams,1988,Innsbruck,Warsaw,927
Thomas Adams,1981,Innsbruck,Warsaw,927
Evie Adams,2013,Innsbruck,Warsaw,927
Ivy Lewis,1973,Hamburg,Innsbruck,1236
Alfie Lewis,1973,Hamburg,Innsbruck,1236
Isabella Stevens,1993,Hamburg,Innsbruck,1236
Phoebe Burton,1977,Prague,Rijeka,1030
Ivy Matthews,1977,Prague,Rijeka,1030
Elsie Wilson,1992,Prague,Rijeka,1030
Poppy Payne,1986,Innsbruck,Warsaw,909
Poppy Payne,1985,Innsbruck,Warsaw,909
Noah Payne,2018,Innsbruck,Warsaw,909
Theo Payne,2015,Innsbruck,Warsaw,909
Isla Owen,1988,Prague,Rijeka,1030
Grace Harris,1988,Prague,Rijeka,1030
Isaac Allen,1980,Prague,Rijeka,1030
Willow Jones,1993,Innsbruck,Warsaw,927
Isabella Jones,1992,Innsbruck,Warsaw,927
Sophia Jones,2016,Innsbruck,Warsaw,927
Lily Jones,2014,Innsbruck,Warsaw,927
Freya Black,1991,Krakow,Zagreb,721
Alfie Black,1993,Krakow,Zagreb,721
Theo Black,2018,Krakow,Zagreb,721
Leo Davidson,1973,Brno,Rijeka,1133
Oscar Walker,1993,Brno,Rijeka,1133
Leo Baker,1981,Brno,Rijeka,1133
Elsie Adams,1989,Brno,Rijeka,1133
Elsie Stevens,1979,Krakow,Zagreb,721
Henry Stevens,1988,Krakow,Zagreb,721
Ivy Stevens,2015,Krakow,Zagreb,721
George Stevens,2017,Krakow,Zagreb,721
Lucas Harris,1988,Berlin,Napoli,707
Leo Harris,1981,Berlin,Napoli,707
Muhammad Harris,2018,Berlin,Napoli,707
Evelyn Black,1985,Prague,Rijeka,624
Alfie Black,1987,Prague,Rijeka,624
George Black,2014,Prague,Rijeka,624
Freya Holmes,1974,Hamburg,Innsbruck,1236
Jack Harris,1981,Hamburg,Innsbruck,1236
Sophia Walker,1993,Hamburg,Innsbruck,1236
Archie Webb,1993,Krakow,Zagreb,936
Charlotte Webb,1993,Krakow,Zagreb,936
Oscar Webb,2018,Krakow,Zagreb,936
Jack Webb,2017,Krakow,Zagreb,936
Evie Jones,1979,Vienna,Warsaw,927
Jack Jones,1976,Vienna,Warsaw,927
Phoebe Jones,2014,Vienna,Warsaw,927
Isabella Jones,2017,Vienna,Warsaw,927
Archie Owen,1991,Berlin,Napoli,1122
Lucas Harris,1993,Berlin,Napoli,1122
Emily Black,1990,Berlin,Napoli,1122
Freddie Burton,1993,Berlin,Napoli,1122
Daisy Matthews,1993,Innsbruck,Warsaw,927
Sofia Matthews,1977,Innsbruck,Warsaw,927
Ella Matthews,2018,Innsbruck,Warsaw,927
Isabella Matthews,2017,Innsbruck,Warsaw,927
Mia Burton,1979,Brno,Rijeka,1111
Sophia Chapman,1989,Brno,Rijeka,1111
Roman Owen,1977,Brno,Rijeka,1111
Florence Foster,1987,Brno,Rijeka,1111
Sophia Baker,1981,Brno,Rijeka,1111
Evelyn Holmes,1983,Brno,Rijeka,1111
Isabella Black,1973,Innsbruck,Warsaw,1212
Freddie Payne,1973,Innsbruck,Warsaw,1212
Grace Stevens,1988,Innsbruck,Warsaw,1212
Arthur Robinson,1980,Innsbruck,Warsaw,1212
Isla Burton,1979,Innsbruck,Warsaw,1212
Mia Stevens,1979,Innsbruck,Warsaw,1212
George Allen,1974,Vienna,Warsaw,1111
Willow Owen,1975,Vienna,Warsaw,1111
Arlo Foster,1988,Vienna,Warsaw,1111
William Matthews,1987,Vienna,Warsaw,1111
Charlie Baker,1993,Vienna,Warsaw,1111
Evelyn Webb,1986,Vienna,Warsaw,1111
Emily Lewis,1977,Prague,Rijeka,606
Alfie Lewis,1989,Prague,Rijeka,606
Ivy Lewis,2014,Prague,Rijeka,606
Jacob Black,1978,Brno,Rijeka,714
Theodore Black,1979,Brno,Rijeka,714
Florence Black,2015,Brno,Rijeka,714
Florence Chapman,1990,Berlin,Napoli,808
Isla Chapman,1986,Berlin,Napoli,808
Noah Chapman,2013,Berlin,Napoli,808
Oscar Chapman,2014,Berlin,Napoli,808
Evelyn Burton,1980,Brno,Rijeka,1212
Amelia Lewis,1977,Brno,Rijeka,1212
Alfie Adams,1983,Brno,Rijeka,1212
Isla Walker,1974,Brno,Rijeka,1212
Theodore Davidson,1980,Brno,Rijeka,1212
Charlie Owen,1974,Vienna,Warsaw,1122
Isabella Adams,1975,Vienna,Warsaw,1122
Sienna Wilson,1981,Vienna,Warsaw,1122
Thomas White,1990,Vienna,Warsaw,1122
Lily Foster,1983,Vienna,Warsaw,1122
Lucas Adams,1986,Innsbruck,Warsaw,1111
Isla Walker,1985,Innsbruck,Warsaw,1111
Florence Chapman,1993,Innsbruck,Warsaw,1111
Leo Chapman,1977,Innsbruck,Warsaw,1111
Amelia Chapman,1982,Berlin,Napoli,816
Lily Chapman,1991,Berlin,Napoli,816
Roman Chapman,2013,Berlin,Napoli,816
Elsie Davidson,1986,Berlin,Napoli,1122
Isla Lewis,1987,Berlin,Napoli,1122
Florence Holmes,1981,Berlin,Napoli,1122
Florence Matthews,1975,Berlin,Napoli,1122
Evie Allen,1993,Berlin,Napoli,1122
Lily Matthews,1987,Berlin,Napoli,1122
Noah Jones,1991,Hamburg,Innsbruck,1248
Noah Foster,1991,Hamburg,Innsbruck,1248
Noah Adams,1977,Hamburg,Innsbruck,1248
Mia Payne,1993,Hamburg,Innsbruck,1248
Theodore Lewis,1984,Hamburg,Innsbruck,1248
Amelia Jones,1993,Hamburg,Innsbruck,1248
Noah Allen,1978,Prague,Rijeka,1020
Elsie Matthews,1993,Prague,Rijeka,1020
Theo Lewis,1975,Prague,Rijeka,1020
Jack Foster,1980,Prague,Rijeka,1020
Charlie Walker,1993,Prague,Rijeka,1020
Thomas Baker,1988,Berlin,Napoli,714
Freddie Baker,1986,Berlin,Napoli,714
Alfie Baker,2014,Berlin,Napoli,714
Grace Owen,1980,Innsbruck,Warsaw,1144
Evelyn Baker,1978,Innsbruck,Warsaw,1144
Oscar Jones,1992,Innsbruck,Warsaw,1144
Evie Owen,1978,Innsbruck,Warsaw,1144
Lucas Jones,1979,Prague,Rijeka,1030
Sofia White,1980,Prague,Rijeka,1030
Charlotte Davidson,1978,Prague,Rijeka,1030
Emily Allen,1992,Prague,Rijeka,1030
Emily Payne,1983,Prague,Rijeka,1030
Sofia Stevens,1991,Hamburg,Innsbruck,1248
Emily Black,1990,Hamburg,Innsbruck,1248
Freya Allen,1988,Hamburg,Innsbruck,1248
Isla Robinson,1986,Hamburg,Innsbruck,936
Charlotte Robinson,1989,Hamburg,Innsbruck,936
Florence Robinson,2015,Hamburg,Innsbruck,936
Harry Robinson,2017,Hamburg,Innsbruck,936
Freddie Foster,1989,Brno,Rijeka,1248
Daisy Webb,1974,Brno,Rijeka,1248
Isaac Matthews,1975,Brno,Rijeka,1248
Theodore Wilson,1989,Brno,Rijeka,1248
Emily Webb,1978,Hamburg,Innsbruck,312
Poppy Webb,1981,Hamburg,Innsbruck,312
Arlo Webb,2014,Hamburg,Innsbruck,312
Poppy Webb,2013,Hamburg,Innsbruck,312
Oscar Payne,1987,Vienna,Warsaw,721
Roman Payne,1975,Vienna,Warsaw,721
Florence Payne,2015,Vienna,Warsaw,721
Arthur Black,1990,Hamburg,Innsbruck,1236
Evelyn Robinson,1977,Hamburg,Innsbruck,1236
Sophia Wilson,1983,Hamburg,Innsbruck,1236
Ivy Black,1979,Hamburg,Innsbruck,1236
Isla Adams,1989,Hamburg,Innsbruck,1236
Jack Burton,1978,Hamburg,Rome,808
Henry Burton,1991,Hamburg,Rome,808
Isaac Burton,2017,Hamburg,Rome,808
Phoebe Wilson,1989,Krakow,Zagreb,909
Sophia Wilson,1989,Krakow,Zagreb,909
Sophia Wilson,2016,Krakow,Zagreb,909
Lucas White,1992,Hamburg,Innsbruck,936
Henry White,1979,Hamburg,Innsbruck,936
Charlotte White,2014,Hamburg,Innsbruck,936
Noah Walker,1987,Innsbruck,Warsaw,927
Phoebe Walker,1989,Innsbruck,Warsaw,927
Arlo Walker,2015,Innsbruck,Warsaw,927
Jacob Matthews,1989,Innsbruck,Warsaw,918
Ella Matthews,1973,Innsbruck,Warsaw,918
Arthur Matthews,2013,Innsbruck,Warsaw,918
Charlotte Robinson,1974,Prague,Rijeka,1020
Oscar Burton,1981,Prague,Rijeka,1020
Jacob Matthews,1983,Prague,Rijeka,1020
Lily Matthews,1988,Prague,Rijeka,1020
Ivy Burton,1978,Prague,Rijeka,1020
Noah Harris,1978,Prague,Rijeka,1020
Ivy Adams,1973,Berlin,Napoli,1030
Mia Stevens,1987,Berlin,Napoli,1030
Alfie Davidson,1992,Berlin,Napoli,1030
Freya Walker,1991,Berlin,Napoli,1030
Isla Davidson,1982,Berlin,Napoli,1030
Isla White,1981,Berlin,Napoli,1030
Mia Payne,1984,Prague,Rijeka,1040
Freddie Owen,1977,Prague,Rijeka,1040
Sofia Burton,1989,Prague,Rijeka,1040
Elsie Jones,1976,Prague,Rijeka,1040
Mia Harris,1984,Prague,Rijeka,1040
Harry Wilson,1991,Prague,Rijeka,1040
Thomas Baker,1977,Berlin,Napoli,1040
Freddie Wilson,1986,Berlin,Napoli,1040
Theodore Harris,1975,Berlin,Napoli,1040
Evelyn Owen,1981,Berlin,Napoli,1040
Daisy Holmes,1991,Berlin,Napoli,1040
George Jones,1980,Berlin,Napoli,1040
William Baker,1982,Prague,Rijeka,1040
Emily Burton,1976,Prague,Rijeka,1040
Daisy Jones,1991,Prague,Rijeka,1040
Henry Chapman,1989,Prague,Rijeka,1040
Lily Robinson,1988,Prague,Rijeka,1040
Sophia Matthews,1984,Hamburg,Innsbruck,1224
Mia Payne,1978,Hamburg,Innsbruck,1224
Jacob Matthews,1986,Hamburg,Innsbruck,1224
Emily Owen,1980,Hamburg,Innsbruck,1224
Rosie Stevens,1982,Hamburg,Innsbruck,1224
George Baker,1993,Hamburg,Innsbruck,1224
Finley Davidson,1986,Hamburg,Innsbruck,918
Evelyn Davidson,1987,Hamburg,Innsbruck,918
Ivy Davidson,2014,Hamburg,Innsbruck,918
Roman Davidson,2018,Hamburg,Innsbruck,918
Evie White,1980,Hamburg,Innsbruck,927
Isaac White,1984,Hamburg,Innsbruck,927
Sienna White,2013,Hamburg,Innsbruck,927
Isla Robinson,1977,Berlin,Napoli,721
Archie Robinson,1973,Berlin,Napoli,721
Rosie Robinson,2014,Berlin,Napoli,721
Elsie Robinson,2014,Berlin,Napoli,721
Lucas Webb,1982,Krakow,Zagreb,816
Sofia Webb,1987,Krakow,Zagreb,816
Sienna Webb,2015,Krakow,Zagreb,816
Emily Webb,2014,Krakow,Zagreb,816
Tommy Jones,1992,Vienna,Warsaw,728
Freddie Jones,1986,Vienna,Warsaw,728
Jack Jones,2014,Vienna,Warsaw,728
Isla Jones,2015,Vienna,Warsaw,728
Sienna Robinson,1974,Vienna,Warsaw,1122
Isaac Jones,1984,Vienna,Warsaw,1122
Sofia Harris,1990,Vienna,Warsaw,1122
Jack Allen,1973,Vienna,Warsaw,1122
Isla Baker,1991,Vienna,Warsaw,1122
Lily Owen,1992,Brno,Rijeka,728
Evie Owen,1982,Brno,Rijeka,728
William Owen,2013,Brno,Rijeka,728
Mia Owen,2013,Brno,Rijeka,728
Grace Allen,1989,Innsbruck,Warsaw,1248
Sofia White,1982,Innsbruck,Warsaw,1248
William Baker,1986,Innsbruck,Warsaw,1248
Ava Adams,1992,Innsbruck,Warsaw,1248
Leo Chapman,1976,Innsbruck,Warsaw,1248
Isla Adams,1973,Hamburg,Innsbruck,1212
Tommy White,1987,Hamburg,Innsbruck,1212
Mia Foster,1993,Hamburg,Innsbruck,1212
Freddie Holmes,1987,Hamburg,Innsbruck,1212
Elsie Robinson,1987,Hamburg,Innsbruck,309
Freddie Robinson,1978,Hamburg,Innsbruck,309
Isla Robinson,2016,Hamburg,Innsbruck,309
Theo Robinson,2013,Hamburg,Innsbruck,309
Arlo White,1981,Prague,Rijeka,618
Isaac White,1987,Prague,Rijeka,618
Leo White,2018,Prague,Rijeka,618
Ava Baker,1983,Prague,Rijeka,1020
Harry Owen,1990,Prague,Rijeka,1020
Thomas Walker,1982,Prague,Rijeka,1020
William Payne,1986,Prague,Rijeka,1020
Leo Payne,1992,Prague,Rijeka,1020
Jack Baker,1983,Prague,Rijeka,1020
Finley Stevens,1975,Berlin,Napoli,927
Arthur Stevens,1986,Berlin,Napoli,927
Sofia Stevens,2013,Berlin,Napoli,927
Archie Jones,1987,Brno,Rijeka,707
Evelyn Jones,1992,Brno,Rijeka,707
Sophia Jones,2016,Brno,Rijeka,707
Archie Jones,2017,Brno,Rijeka,707
Lily Chapman,1987,Brno,Rijeka,1212
Finley Stevens,1987,Brno,Rijeka,1212
Finley Matthews,1992,Brno,Rijeka,1212
Daisy Matthews,1977,Brno,Rijeka,606
Charlie Matthews,1993,Brno,Rijeka,606
Phoebe Matthews,2013,Brno,Rijeka,606
Finley Payne,1992,Hamburg,Innsbruck,918
William Payne,1985,Hamburg,Innsbruck,918
Muhammad Payne,2015,Hamburg,Innsbruck,918
Arthur Payne,2018,Hamburg,Innsbruck,918
Willow Adams,1987,Prague,Rijeka,624
Willow Adams,1976,Prague,Rijeka,624
Sofia Adams,2015,Prague,Rijeka,624
Harry Foster,1977,Vienna,Warsaw,1111
Florence White,1987,Vienna,Warsaw,1111
Sophia Payne,1984,Vienna,Warsaw,1111
Archie Davidson,1985,Vienna,Warsaw,1111
Sophia Allen,1982,Vienna,Warsaw,1111
Phoebe Burton,1984,Brno,Rijeka,728
George Burton,1990,Brno,Rijeka,728
Poppy Burton,2014,Brno,Rijeka,728
Amelia Holmes,1973,Berlin,Napoli,816
Rosie Holmes,1984,Berlin,Napoli,816
Arlo Holmes,2017,Berlin,Napoli,816
Isabella Jones,1993,Prague,Rijeka,1020
Thomas Webb,1990,Prague,Rijeka,1020
Grace Chapman,1993,Prague,Rijeka,1020
Roman Jones,1974,Vienna,Warsaw,1133
Leo Stevens,1990,Vienna,Warsaw,1133
Sienna Walker,1974,Vienna,Warsaw,1133
Charlotte Davidson,1982,Vienna,Warsaw,1133
Isla Holmes,1987,Vienna,Warsaw,1133
Henry White,1981,Hamburg,Innsbruck,1212
Arlo Lewis,1979,Hamburg,Innsbruck,1212
Sienna Stevens,1991,Hamburg,Innsbruck,1212
Amelia Harris,1989,Hamburg,Innsbruck,1212
Isla Adams,1987,Innsbruck,Warsaw,1248
Isla White,1986,Innsbruck,Warsaw,1248
Emily Adams,1986,Innsbruck,Warsaw,1248
Finley Chapman,1982,Innsbruck,Warsaw,1248
Sofia Matthews,1979,Innsbruck,Warsaw,1248
Jack Black,1988,Innsbruck,Warsaw,1248
Elsie Allen,1989,Innsbruck,Warsaw,927
Oscar Allen,1976,Innsbruck,Warsaw,927
Sofia Allen,2017,Innsbruck,Warsaw,927
Rosie Davidson,1982,Berlin,Napoli,1122
William Burton,1992,Berlin,Napoli,1122
Freddie Allen,1973,Berlin,Napoli,1122
Theodore Robinson,1985,Berlin,Napoli,1122
Archie Wilson,1982,Brno,Rijeka,1133
Evie Black,1973,Brno,Rijeka,1133
Finley Harris,1985,Brno,Rijeka,1133
Sienna Allen,1980,Brno,Rijeka,1133
Jack Payne,1981,Hamburg,Innsbruck,1236
Roman Lewis,1992,Hamburg,Innsbruck,1236
Ivy Robinson,1981,Hamburg,Innsbruck,1236
Isla Walker,1987,Hamburg,Innsbruck,1236
Poppy Owen,1982,Hamburg,Innsbruck,1236
George Jones,1978,Hamburg,Innsbruck,1236
Ava Davidson,1984,Brno,Rijeka,714
Theodore Davidson,1975,Brno,Rijeka,714
William Davidson,2017,Brno,Rijeka,714
Florence Davidson,2017,Brno,Rijeka,714
Archie Baker,1979,Berlin,Napoli,1040
Sienna Harris,1992,Berlin,Napoli,1040
Ella Foster,1980,Berlin,Napoli,1040
Muhammad Foster,1980,Vienna,Warsaw,909
Theo Foster,1985,Vienna,Warsaw,909
Freddie Foster,2015,Vienna,Warsaw,909
Theodore Foster,2016,Vienna,Warsaw,909
Lucas Adams,1979,Hamburg,Innsbruck,936
Lucas Adams,1974,Hamburg,Innsbruck,936
Leo Adams,2018,Hamburg,Innsbruck,936
Lily Robinson,1986,Innsbruck,Warsaw,918
Theodore Robinson,1993,Innsbruck,Warsaw,918
Charlie Robinson,2016,Innsbruck,Warsaw,918
Grace Robinson,2013,Innsbruck,Warsaw,918
Harry Jones,1985,Hamburg,Innsbruck,1248
Oscar Davidson,1976,Hamburg,Innsbruck,1248
Isaac Owen,1980,Hamburg,Innsbruck,1248
Jack Black,1982,Hamburg,Innsbruck,1248
Rosie Walker,1986,Hamburg,Innsbruck,1248
Isabella Davidson,1973,Hamburg,Innsbruck,1248
Tommy Adams,1974,Hamburg,Innsbruck,303
Tommy Adams,1991,Hamburg,Innsbruck,303
Freddie Adams,2016,Hamburg,Innsbruck,303
Phoebe Adams,2014,Hamburg,Innsbruck,303
Roman Matthews,1988,Hamburg,Rome,728
Ella Matthews,1990,Hamburg,Rome,728
Oscar Matthews,2016,Hamburg,Rome,728
Amelia Davidson,1991,Brno,Rijeka,1248
Charlie Baker,1991,Brno,Rijeka,1248
Alfie Holmes,1992,Brno,Rijeka,1248
Elsie White,1990,Prague,Rijeka,618
William White,1974,Prague,Rijeka,618
Sophia White,2018,Prague,Rijeka,618
Mia White,2016,Prague,Rijeka,618
Jacob Wilson,1988,Hamburg,Rome,808
Tommy Wilson,1976,Hamburg,Rome,808
Arlo Wilson,2018,Hamburg,Rome,808
Theodore Black,1974,Hamburg,Innsbruck,1224
Harry Foster,1984,Hamburg,Innsbruck,1224
Florence White,1979,Hamburg,Innsbruck,1224
Harry Wilson,1973,Hamburg,Innsbruck,1224
Archie Webb,1977,Hamburg,Innsbruck,1224
Charlie Davidson,1984,Prague,Rijeka,1010
Poppy Robinson,1984,Prague,Rijeka,1010
Isla Payne,1986,Prague,Rijeka,1010
Arthur Lewis,1978,Prague,Rijeka,1010
Sofia Lewis,1983,Prague,Rijeka,1010
Elsie Davidson,1973,Prague,Rijeka,1010
Ivy Holmes,1975,Prague,Rijeka,1020
Harry Robinson,1992,Prague,Rijeka,1020
Lucas Webb,1985,Prague,Rijeka,1020
Roman Walker,1975,Prague,Rijeka,1020
Phoebe Burton,1990,Prague,Rijeka,1020
Arlo Wilson,1979,Brno,Rijeka,1212
Thomas White,1991,Brno,Rijeka,1212
Roman Harris,1993,Brno,Rijeka,1212
Jack Adams,1985,Brno,Rijeka,1212
Evie Foster,1981,Prague,Rijeka,612
Arlo Foster,1980,Prague,Rijeka,612
Sophia Foster,2016,Prague,Rijeka,612
Roman Foster,2017,Prague,Rijeka,612
Henry Walker,1975,Hamburg,Innsbruck,927
Emily Walker,1989,Hamburg,Innsbruck,927
Mia Walker,2015,Hamburg,Innsbruck,927
Emily Walker,2016,Hamburg,Innsbruck,927
Phoebe Baker,1991,Innsbruck,Warsaw,1111
George Stevens,1993,Innsbruck,Warsaw,1111
Jack Webb,1983,Innsbruck,Warsaw,1111
Ivy Allen,1985,Innsbruck,Warsaw,1111
Grace Robinson,1974,Innsbruck,Warsaw,1111
Emily Burton,1992,Brno,Rijeka,1248
Alfie Payne,1976,Brno,Rijeka,1248
Phoebe Baker,1979,Brno,Rijeka,1248
Phoebe Payne,1986,Brno,Rijeka,1248
Charlie Robinson,1992,Brno,Rijeka,1248
Ella Baker,1992,Prague,Rijeka,612
Finley Baker,1984,Prague,Rijeka,612
Sophia Baker,2013,Prague,Rijeka,612
Ivy Baker,2013,Prague,Rijeka,612
Leo Foster,1988,Krakow,Zagreb,721
Grace Foster,1976,Krakow,Zagreb,721
Oscar Foster,2015,Krakow,Zagreb,721
Thomas Foster,2016,Krakow,Zagreb,721
Harry Payne,1984,Vienna,Warsaw,1133
Emily Davidson,1988,Vienna,Warsaw,1133
Evie Walker,1978,Vienna,Warsaw,1133
Charlie Stevens,1979,Vienna,Warsaw,1133
Florence Allen,1992,Brno,Rijeka,714
Archie Allen,1973,Brno,Rijeka,714
Daisy Allen,2016,Brno,Rijeka,714
Florence Webb,1980,Brno,Rijeka,1212
Isabella Foster,1974,Brno,Rijeka,1212
Lucas Baker,1987,Brno,Rijeka,1212
Freya Lewis,1981,Berlin,Napoli,824
Ella Lewis,1987,Berlin,Napoli,824
Elsie Lewis,2016,Berlin,Napoli,824
Jacob Payne,1978,Prague,Rijeka,1040
Emily White,1985,Prague,Rijeka,1040
Ella Owen,1990,Prague,Rijeka,1040
Florence White,1988,Vienna,Warsaw,1111
Ava Baker,1978,Vienna,Warsaw,1111
Evelyn Robinson,1980,Vienna,Warsaw,1111
Finley Chapman,1988,Vienna,Warsaw,1111
Arlo Baker,1987,Brno,Rijeka,721
Arthur Baker,1973,Brno,Rijeka,721
Elsie Baker,2014,Brno,Rijeka,721
Charlie Allen,1977,Hamburg,Rome,816
Alfie Allen,1975,Hamburg,Rome,816
Arlo Allen,2017,Hamburg,Rome,816
William Allen,2013,Hamburg,Rome,816
Leo Allen,1976,Hamburg,Rome,714
Isabella Allen,1983,Hamburg,Rome,714
Freddie Allen,2014,Hamburg,Rome,714
Jacob Holmes,1992,Hamburg,Rome,707
Evie Holmes,1975,Hamburg,Rome,707
Muhammad Holmes,2018,Hamburg,Rome,707
Amelia Holmes,2013,Hamburg,Rome,707
Charlotte Foster,1991,Prague,Rijeka,624
Henry Foster,1983,Prague,Rijeka,624
Archie Foster,2018,Prague,Rijeka,624
Ivy Stevens,1986,Brno,Rijeka,714
Florence Stevens,1988,Brno,Rijeka,714
Lily Stevens,2016,Brno,Rijeka,714
George Robinson,1977,Berlin,Napoli,832
Sofia Robinson,1976,Berlin,Napoli,832
Oscar Robinson,2013,Berlin,Napoli,832
Thomas Wilson,1974,Hamburg,Innsbruck,309
Emily Wilson,1983,Hamburg,Innsbruck,309
Lucas Wilson,2015,Hamburg,Innsbruck,309
William Holmes,1988,Hamburg,Innsbruck,306
Ivy Holmes,1990,Hamburg,Innsbruck,306
Isabella Holmes,2016,Hamburg,Innsbruck,306
Lily Holmes,2015,Hamburg,Innsbruck,306
Arthur Foster,1982,Innsbruck,Warsaw,909
Evie Foster,1986,Innsbruck,Warsaw,909
Evelyn Foster,2016,Innsbruck,Warsaw,909
Jacob Matthews,1993,Brno,Rijeka,714
Emily Matthews,1980,Brno,Rijeka,714
Grace Matthews,2017,Brno,Rijeka,714
